-- Generation time: Fri, 31 Jan 2020 06:59:32 +0000
-- Host: mysql.hostinger.ro
-- DB name: u574849695_25
/*!40030 SET NAMES UTF8 */;
/*!40101 SET @OLD_CHARACTER_SET_CLIENT=@@CHARACTER_SET_CLIENT */;
/*!40101 SET @OLD_CHARACTER_SET_RESULTS=@@CHARACTER_SET_RESULTS */;
/*!40101 SET @OLD_COLLATION_CONNECTION=@@COLLATION_CONNECTION */;
/*!40103 SET @OLD_TIME_ZONE=@@TIME_ZONE */;
/*!40103 SET TIME_ZONE='+00:00' */;
/*!40014 SET @OLD_UNIQUE_CHECKS=@@UNIQUE_CHECKS, UNIQUE_CHECKS=0 */;
/*!40014 SET @OLD_FOREIGN_KEY_CHECKS=@@FOREIGN_KEY_CHECKS, FOREIGN_KEY_CHECKS=0 */;
/*!40101 SET @OLD_SQL_MODE=@@SQL_MODE, SQL_MODE='NO_AUTO_VALUE_ON_ZERO' */;
/*!40111 SET @OLD_SQL_NOTES=@@SQL_NOTES, SQL_NOTES=0 */;

DROP TABLE IF EXISTS `communities`;
CREATE TABLE `communities` (
  `id` bigint(20) unsigned NOT NULL AUTO_INCREMENT,
  `name` varchar(150) COLLATE utf8_unicode_ci DEFAULT NULL,
  PRIMARY KEY (`id`),
  KEY `communities_name_idx` (`name`)
) ENGINE=InnoDB AUTO_INCREMENT=51 DEFAULT CHARSET=utf8 COLLATE=utf8_unicode_ci;

INSERT INTO `communities` VALUES ('42','alias'),
('17','aliquam'),
('26','asperiores'),
('37','aut'),
('47','aut'),
('13','autem'),
('12','blanditiis'),
('35','commodi'),
('30','consequatur'),
('31','culpa'),
('39','debitis'),
('36','delectus'),
('27','deleniti'),
('28','dolor'),
('45','dolorem'),
('20','ea'),
('2','enim'),
('33','eos'),
('11','et'),
('19','et'),
('32','et'),
('49','et'),
('29','excepturi'),
('5','hic'),
('23','inventore'),
('8','magnam'),
('43','molestiae'),
('34','natus'),
('25','neque'),
('44','nihil'),
('18','non'),
('6','pariatur'),
('40','placeat'),
('1','quaerat'),
('46','quaerat'),
('10','quam'),
('3','quia'),
('24','quidem'),
('48','quidem'),
('14','quis'),
('9','quo'),
('50','quo'),
('38','quod'),
('7','rerum'),
('16','saepe'),
('15','sapiente'),
('41','sed'),
('21','sint'),
('22','suscipit'),
('4','voluptatem'); 


DROP TABLE IF EXISTS `friend_requests`;
CREATE TABLE `friend_requests` (
  `initiator_user_id` bigint(20) unsigned NOT NULL,
  `target_user_id` bigint(20) unsigned NOT NULL,
  `status` enum('requested','approved','unfriended','declined') COLLATE utf8_unicode_ci DEFAULT NULL,
  `requested_at` datetime DEFAULT current_timestamp(),
  `confirmed_at` datetime DEFAULT NULL,
  PRIMARY KEY (`initiator_user_id`,`target_user_id`),
  KEY `initiator_user_id` (`initiator_user_id`),
  KEY `target_user_id` (`target_user_id`),
  CONSTRAINT `friend_requests_ibfk_1` FOREIGN KEY (`initiator_user_id`) REFERENCES `users` (`id`),
  CONSTRAINT `friend_requests_ibfk_2` FOREIGN KEY (`target_user_id`) REFERENCES `users` (`id`)
) ENGINE=InnoDB DEFAULT CHARSET=utf8 COLLATE=utf8_unicode_ci;

INSERT INTO `friend_requests` VALUES ('1','1','','2014-07-13 07:39:41','2014-01-12 23:00:41'),
('2','2','','2001-09-15 14:37:17','1971-06-19 09:44:25'),
('3','3','','1985-09-20 15:06:17','1994-04-16 18:12:04'),
('4','4','','1991-12-31 20:41:35','1996-01-25 22:42:08'),
('5','5','','1978-07-21 03:52:18','2018-03-12 05:13:13'),
('6','6','','2015-11-12 17:46:30','2016-10-11 12:43:42'),
('7','7','','2000-10-25 13:39:46','1989-01-23 06:27:14'),
('8','8','','1986-03-07 14:53:57','1978-08-13 21:01:33'),
('9','9','','1985-09-19 02:53:09','2008-07-03 08:56:25'),
('10','10','','1994-10-15 16:34:52','2008-01-27 03:28:08'),
('11','11','','1998-02-27 16:38:37','2006-01-26 09:41:49'),
('12','12','','1992-10-18 00:56:11','1972-03-13 22:06:20'),
('13','13','','2008-10-20 18:59:56','1992-10-27 05:04:22'),
('14','14','','2006-11-30 18:48:47','1979-05-27 05:33:19'),
('15','15','','1996-12-26 02:42:56','1978-07-26 05:19:17'),
('16','16','','1996-06-04 18:41:22','1999-01-25 00:56:30'),
('17','17','','1975-12-14 16:48:24','1976-05-04 22:01:39'),
('18','18','','2019-11-15 00:59:24','2010-11-22 01:00:01'),
('19','19','','1989-05-22 22:33:01','1975-11-24 14:16:05'),
('20','20','','1998-11-09 03:10:07','1979-12-12 00:01:41'),
('21','21','','1981-09-13 00:10:15','1997-10-13 11:13:51'),
('22','22','','2001-11-05 05:45:35','1976-05-06 14:54:04'),
('23','23','','2013-03-08 13:43:06','1987-06-01 18:23:55'),
('24','24','','2005-06-03 18:09:18','2015-05-21 06:35:14'),
('25','25','','1992-08-13 22:11:59','1989-10-16 16:52:00'),
('26','26','','2013-08-13 08:49:45','1988-02-19 11:02:19'),
('27','27','','2011-06-29 03:43:47','1980-01-02 02:11:16'),
('28','28','','1986-04-10 07:39:08','1976-03-13 16:41:03'),
('29','29','','1986-12-28 23:02:59','2014-10-22 18:43:49'),
('30','30','','2005-02-26 16:22:13','1979-06-09 23:16:05'),
('31','31','','2014-08-15 11:57:43','1991-12-02 16:16:24'),
('32','32','','1981-01-10 19:41:41','2019-04-27 13:39:00'),
('33','33','','1987-05-16 20:40:36','1999-06-07 00:34:43'),
('34','34','','2012-03-23 03:16:51','1970-06-19 11:33:40'),
('35','35','','1989-05-02 17:48:18','1999-06-17 10:40:30'),
('36','36','','2000-11-23 06:39:59','2014-05-29 11:25:25'),
('37','37','','1982-09-16 08:25:40','1977-01-20 17:37:44'),
('38','38','','2000-04-17 10:58:09','1983-08-31 11:22:08'),
('39','39','','1984-08-23 21:50:22','1972-12-02 07:22:22'),
('40','40','','1990-02-13 13:17:40','1997-03-27 18:50:11'),
('41','41','','2004-10-31 22:44:20','1990-08-25 19:24:26'),
('42','42','','2001-02-27 23:19:46','1975-04-11 23:27:43'),
('43','43','','1998-03-16 14:07:18','1981-08-18 07:50:15'),
('44','44','','1995-08-19 07:17:16','1978-02-17 10:35:44'),
('45','45','','1976-03-20 20:15:03','2011-07-01 16:12:24'),
('46','46','','1986-04-25 01:01:59','2002-09-02 11:56:03'),
('47','47','','1991-08-09 22:22:17','1993-04-28 04:22:40'),
('48','48','','1996-08-12 18:25:15','2014-11-01 17:53:01'),
('49','49','','1982-05-23 01:11:55','2009-06-13 05:58:37'),
('50','50','','2005-05-18 16:52:22','2016-08-11 13:21:49'); 


DROP TABLE IF EXISTS `likes`;
CREATE TABLE `likes` (
  `id` bigint(20) unsigned NOT NULL AUTO_INCREMENT,
  `user_id` bigint(20) unsigned NOT NULL,
  `media_id` bigint(20) unsigned NOT NULL,
  `created_at` datetime DEFAULT current_timestamp(),
  PRIMARY KEY (`id`)
) ENGINE=InnoDB AUTO_INCREMENT=101 DEFAULT CHARSET=utf8 COLLATE=utf8_unicode_ci;

INSERT INTO `likes` VALUES ('1','1','1','1993-02-17 10:43:18'),
('2','2','2','1985-03-11 08:45:57'),
('3','3','3','2011-04-28 02:53:57'),
('4','4','4','1990-12-21 07:57:26'),
('5','5','5','1970-01-22 00:18:21'),
('6','6','6','2011-08-20 02:59:30'),
('7','7','7','2014-02-10 05:00:38'),
('8','8','8','2013-06-19 13:06:30'),
('9','9','9','1977-08-28 00:23:38'),
('10','10','10','1986-04-18 02:53:46'),
('11','11','11','2003-07-17 08:43:40'),
('12','12','12','1996-02-24 03:43:43'),
('13','13','13','1978-08-27 03:00:31'),
('14','14','14','1979-04-30 03:07:41'),
('15','15','15','1973-08-26 10:38:41'),
('16','16','16','2006-01-23 18:00:15'),
('17','17','17','2010-08-03 01:55:43'),
('18','18','18','1989-05-14 23:20:27'),
('19','19','19','1980-03-24 21:13:14'),
('20','20','20','1971-03-22 11:06:29'),
('21','21','21','1990-06-27 08:04:52'),
('22','22','22','1976-04-04 18:28:48'),
('23','23','23','1976-01-30 21:38:36'),
('24','24','24','1997-12-01 14:20:30'),
('25','25','25','1981-03-24 21:50:09'),
('26','26','26','2013-03-07 06:22:45'),
('27','27','27','1973-09-14 16:17:47'),
('28','28','28','2011-02-16 03:29:57'),
('29','29','29','1997-10-13 21:53:46'),
('30','30','30','1984-11-04 11:03:50'),
('31','31','31','1988-07-07 20:01:23'),
('32','32','32','2019-02-24 01:53:32'),
('33','33','33','2005-06-24 07:24:10'),
('34','34','34','2010-12-23 08:05:02'),
('35','35','35','1982-02-06 15:09:30'),
('36','36','36','2004-05-31 00:22:03'),
('37','37','37','2016-10-26 03:15:14'),
('38','38','38','2001-03-08 01:34:03'),
('39','39','39','1980-05-06 15:07:14'),
('40','40','40','1975-09-22 15:37:57'),
('41','41','41','1986-07-25 09:31:58'),
('42','42','42','1977-06-01 03:41:45'),
('43','43','43','1990-12-22 11:34:38'),
('44','44','44','1974-03-28 15:17:48'),
('45','45','45','2014-02-05 09:13:42'),
('46','46','46','1996-04-15 08:40:00'),
('47','47','47','2013-10-23 02:33:12'),
('48','48','48','2016-07-15 21:54:14'),
('49','49','49','1989-12-25 19:49:33'),
('50','50','50','2005-11-24 01:44:55'),
('51','1','51','1983-08-13 23:04:59'),
('52','2','52','1976-06-09 21:14:25'),
('53','3','53','1989-08-04 08:00:30'),
('54','4','54','1994-07-21 21:54:36'),
('55','5','55','1973-08-13 06:56:38'),
('56','6','56','2011-05-14 00:51:17'),
('57','7','57','1974-05-04 18:47:05'),
('58','8','58','1982-07-12 23:31:34'),
('59','9','59','1971-03-04 08:52:49'),
('60','10','60','1991-11-25 00:41:43'),
('61','11','61','1979-01-03 20:34:37'),
('62','12','62','2011-08-03 05:32:51'),
('63','13','63','1974-05-26 20:43:31'),
('64','14','64','1982-05-13 10:23:06'),
('65','15','65','2018-10-06 15:24:03'),
('66','16','66','1974-09-15 03:00:16'),
('67','17','67','1974-09-30 19:13:32'),
('68','18','68','2009-04-12 03:50:48'),
('69','19','69','1985-02-21 04:43:17'),
('70','20','70','2013-12-31 07:01:56'),
('71','21','71','1984-06-26 21:37:51'),
('72','22','72','1992-10-16 16:32:00'),
('73','23','73','1991-08-22 07:45:59'),
('74','24','74','2001-04-15 12:30:21'),
('75','25','75','1977-01-23 13:25:27'),
('76','26','76','1979-02-16 23:55:59'),
('77','27','77','2010-05-15 20:31:51'),
('78','28','78','1977-01-14 17:22:00'),
('79','29','79','2006-08-19 02:20:01'),
('80','30','80','2017-05-08 12:41:03'),
('81','31','81','1997-04-23 14:09:24'),
('82','32','82','2001-06-02 14:15:35'),
('83','33','83','2014-06-12 08:19:29'),
('84','34','84','2004-10-29 21:29:32'),
('85','35','85','1982-02-07 10:11:27'),
('86','36','86','2004-03-17 03:27:59'),
('87','37','87','1979-06-13 08:23:44'),
('88','38','88','2010-05-18 22:44:20'),
('89','39','89','1993-12-27 23:57:44'),
('90','40','90','2003-08-02 13:36:31'),
('91','41','91','1991-06-02 08:05:23'),
('92','42','92','2009-07-17 06:54:20'),
('93','43','93','1979-09-03 13:06:00'),
('94','44','94','1993-09-08 13:27:43'),
('95','45','95','2004-08-28 06:57:51'),
('96','46','96','2010-11-03 00:59:06'),
('97','47','97','1976-10-03 12:21:11'),
('98','48','98','1977-09-28 13:12:44'),
('99','49','99','2020-01-15 21:37:19'),
('100','50','100','1972-02-21 16:01:00'); 


DROP TABLE IF EXISTS `media`;
CREATE TABLE `media` (
  `id` bigint(20) unsigned NOT NULL AUTO_INCREMENT,
  `media_type_id` bigint(20) unsigned NOT NULL,
  `user_id` bigint(20) unsigned NOT NULL,
  `body` text COLLATE utf8_unicode_ci DEFAULT NULL,
  `filename` varchar(255) COLLATE utf8_unicode_ci DEFAULT NULL,
  `size` int(11) DEFAULT NULL,
  `metadata` longtext CHARACTER SET utf8mb4 COLLATE utf8mb4_bin DEFAULT NULL,
  `created_at` datetime DEFAULT current_timestamp(),
  `updated_at` datetime DEFAULT current_timestamp() ON UPDATE current_timestamp(),
  PRIMARY KEY (`id`),
  KEY `user_id` (`user_id`),
  KEY `media_type_id` (`media_type_id`),
  CONSTRAINT `media_ibfk_1` FOREIGN KEY (`user_id`) REFERENCES `users` (`id`),
  CONSTRAINT `media_ibfk_2` FOREIGN KEY (`media_type_id`) REFERENCES `media_types` (`id`)
) ENGINE=InnoDB AUTO_INCREMENT=101 DEFAULT CHARSET=utf8 COLLATE=utf8_unicode_ci;

INSERT INTO `media` VALUES ('1','1','1','Qui soluta rerum quo dolorem sint ipsa. Eum similique dolor et facilis sint.','non','889',NULL,'1980-02-23 06:50:22','1997-11-15 16:36:34'),
('2','2','2','Molestiae minima provident consequatur alias quo omnis ut. Dolore numquam et eaque qui. Molestiae voluptas temporibus quia laudantium facere et.','dicta','73',NULL,'1972-05-30 02:23:23','1990-11-12 15:36:52'),
('3','3','3','Est non aut delectus adipisci. Autem voluptas adipisci vel molestiae unde nisi enim. Aspernatur quis qui qui sunt libero et.','delectus','72504449',NULL,'1986-01-27 23:42:11','2019-06-21 17:33:46'),
('4','4','4','Ea consequatur quia cum laborum illo. In quaerat natus saepe optio est reprehenderit repellendus.','beatae','23929773',NULL,'2000-06-07 02:33:00','1973-02-13 02:31:08'),
('5','5','5','Illo fugit fugit nostrum et sit debitis. Voluptatem sed qui et non ipsam. Distinctio et voluptas ipsa officiis.','quis','8717',NULL,'1977-12-25 11:08:36','1995-03-31 19:43:19'),
('6','1','6','Iste ad praesentium dolorem pariatur. Minima vitae tenetur non odio mollitia quasi perspiciatis. Aut est eos quas molestiae quaerat ut. Enim at corrupti quia nisi voluptates eos.','omnis','209825',NULL,'2005-10-15 21:16:04','1987-08-14 15:39:37'),
('7','2','7','At non error quam natus modi. Eligendi doloribus nihil voluptate ut qui dolor. Nemo hic quia tenetur qui iste dolores. Deleniti rerum hic sed laudantium ea recusandae. Magni nesciunt consequuntur earum est incidunt.','laboriosam','8',NULL,'2004-02-26 23:32:27','1992-01-29 12:59:27'),
('8','3','8','Voluptas mollitia aut quia laboriosam. Dolorum cumque nostrum ut ea. Error corrupti excepturi in necessitatibus omnis ab eum. Aut placeat expedita omnis deleniti et perspiciatis rem.','omnis','939',NULL,'2005-02-05 12:12:00','2012-12-22 17:08:43'),
('9','4','9','Est aut non consequatur repellat. Numquam voluptas explicabo eos beatae. Tempora voluptas voluptate sunt modi.','officia','9076378',NULL,'2001-03-25 21:49:13','1974-11-28 02:01:05'),
('10','5','10','Rerum minus dicta voluptatem officia. Nesciunt eius consequatur quo iure deleniti non. Impedit eos autem aut qui.','quibusdam','0',NULL,'1970-07-25 19:30:19','1998-10-26 18:01:55'),
('11','1','11','Sed eveniet doloribus reiciendis nostrum ex. Debitis pariatur explicabo necessitatibus. Dolores dolorem perspiciatis quis cupiditate est quo. Veritatis dignissimos consequatur nulla qui labore.','aut','1807591',NULL,'2006-12-10 15:05:05','1985-11-14 23:28:42'),
('12','2','12','Omnis eum nostrum soluta fuga mollitia quis omnis. Odio ad qui et ea. Voluptas est cumque quas quo ut harum.','ut','6106886',NULL,'1997-04-17 21:40:56','1982-01-28 14:28:25'),
('13','3','13','Cum libero dignissimos illum maiores cupiditate. Veniam odit quia et dolores et eligendi rem. Numquam esse illum aut harum aut. Sit accusamus quia rerum explicabo sit beatae.','sed','457756842',NULL,'2009-03-01 05:21:28','1999-01-25 05:52:26'),
('14','4','14','Quae at cumque magni similique eaque est consequuntur. Doloremque expedita accusantium enim odio incidunt beatae. Sapiente et laboriosam consectetur accusamus.','commodi','844304',NULL,'2001-07-11 18:13:36','2001-11-02 19:14:59'),
('15','5','15','Cupiditate voluptas non in aliquid quia. Omnis consequuntur dicta incidunt molestiae a aut. Nihil voluptatem maxime id ut sed dolorem veniam.','commodi','0',NULL,'1982-10-29 23:26:50','2015-07-03 12:17:48'),
('16','1','16','Consequatur quibusdam est vel rerum aut. Cupiditate temporibus unde eveniet nisi aut explicabo. Fuga saepe aperiam enim nihil nihil rem quia cumque. Exercitationem odio minus sed. Ut enim quia non sunt saepe.','ea','32',NULL,'1983-07-24 00:10:51','1984-05-25 17:48:13'),
('17','2','17','Qui doloribus ut quis perspiciatis quia. Consectetur sint sapiente sit nobis minima. Omnis facere repellendus adipisci enim.','sit','772258327',NULL,'2016-07-06 19:48:20','2001-01-18 13:04:39'),
('18','3','18','Tempore tenetur id nulla itaque similique et. Sint quis consequuntur unde minus. Tempore porro et doloribus amet. Facilis odio reiciendis dolores dolores consequatur voluptatibus.','voluptatem','507790',NULL,'1982-07-15 22:23:32','1979-11-09 05:57:47'),
('19','4','19','Tempora ab nostrum distinctio consequatur hic consequatur deleniti. Aut voluptatem ut ea sit omnis occaecati ratione. Sunt hic excepturi aut sint consequatur mollitia quod accusantium. Eaque iusto et et temporibus molestias eveniet.','ut','35213',NULL,'1985-12-24 19:11:41','1994-06-30 17:34:41'),
('20','5','20','Velit ipsum quasi exercitationem possimus dolorum sunt. Voluptatum dolore odio ab veniam impedit et odit quis. Autem doloremque et optio necessitatibus laboriosam earum.','laudantium','25163736',NULL,'1975-04-27 12:53:48','1989-10-25 02:19:32'),
('21','1','21','Qui consequuntur quod quos ex ut quia. In voluptas quos sit ad adipisci. Temporibus assumenda vel maxime est quas harum. Asperiores aut voluptas et aut.','fugit','0',NULL,'1994-12-09 19:20:28','1972-10-14 19:48:33'),
('22','2','22','Magnam id qui error fuga excepturi voluptas. Repellendus nostrum eaque dolores cupiditate. Repudiandae nulla inventore maxime necessitatibus quod in.','asperiores','5829043',NULL,'1981-01-28 05:15:59','1989-09-02 06:12:46'),
('23','3','23','Fugiat officiis dicta dolores qui. Sed rem ut minus distinctio vel. Voluptas maxime dolores consequatur. Ullam ea asperiores pariatur voluptatum ab excepturi laborum.','eos','78254',NULL,'2013-10-28 13:52:04','2015-02-16 07:44:43'),
('24','4','24','At quos autem numquam quis sed aut. Et tempora provident sapiente officiis quos. Asperiores sunt rem assumenda ut quis. Quae excepturi quia reiciendis in nam quaerat.','molestiae','6715',NULL,'1999-03-19 07:17:48','1993-09-15 06:02:02'),
('25','5','25','Ducimus voluptas ut quae perspiciatis praesentium soluta beatae. Neque unde molestiae voluptatem debitis eum error. Dolores excepturi earum accusantium consectetur.','consequatur','25536099',NULL,'1985-08-26 12:08:24','2012-07-07 13:24:32'),
('26','1','26','Ipsum minima veritatis et omnis. Voluptatem et dolor doloribus ad eos reprehenderit rerum. Cumque est vel perspiciatis exercitationem. Consequatur repudiandae amet aliquid reiciendis.','nulla','16',NULL,'2009-02-18 12:39:06','1985-07-31 23:45:17'),
('27','2','27','Ullam in voluptatibus nihil fuga voluptates sed. Similique corporis earum eum. Temporibus eius omnis dignissimos minima cupiditate iste dolor fugit.','rerum','59114',NULL,'1988-03-12 16:43:51','1985-12-14 07:20:04'),
('28','3','28','Eligendi est aut ut incidunt amet neque facilis. Sint aut sed voluptate culpa quae eos. Quia facere est possimus non eligendi libero dolor facilis.','fugiat','1363456',NULL,'1987-09-08 12:35:30','1993-03-08 07:21:42'),
('29','4','29','Consequuntur quisquam et ipsa nemo. Fugit et laudantium quas fugiat impedit.','et','15208',NULL,'1985-03-17 06:28:53','1996-02-07 01:05:02'),
('30','5','30','Est consequatur numquam excepturi voluptatem maiores. Nihil delectus ea rerum. Earum aut tempore et et commodi velit odit aut. Iusto et voluptates a ea ipsa et tempore.','voluptas','212362866',NULL,'2008-01-24 16:13:43','1971-04-10 11:40:49'),
('31','1','31','Ex laborum iste voluptatem error dolores fugiat expedita. Dignissimos facere soluta sint cumque saepe sed odio nihil. Qui quia consequatur vitae est. Nam ut rerum non pariatur eius vitae error.','non','0',NULL,'2008-07-28 00:05:09','2008-12-02 05:36:56'),
('32','2','32','Quod incidunt molestiae ut aliquid quia fugiat totam laborum. Ratione vero accusamus error quo. Fugiat non sapiente iusto aliquam sunt optio aut sequi.','accusamus','335327',NULL,'1972-05-26 23:19:55','1980-08-08 00:20:17'),
('33','3','33','Dignissimos voluptates labore alias eveniet reiciendis sit qui. Consequatur suscipit rerum nihil ut. Error labore quis rem. Architecto et vel qui nemo iusto quia voluptatem.','quae','305',NULL,'1999-07-05 18:47:15','1981-04-10 00:56:59'),
('34','4','34','Rerum excepturi qui cum ullam ratione assumenda vel. Possimus dolorem maxime quis totam. Voluptatum et tempora quibusdam nam nobis voluptatem esse. Iusto molestias blanditiis mollitia rerum consectetur nisi eum.','animi','14193',NULL,'2012-06-01 19:09:41','2011-03-18 16:06:39'),
('35','5','35','Qui exercitationem praesentium sapiente qui. Magnam dignissimos eveniet odit ut natus velit. Et rem commodi dignissimos.','cum','8189',NULL,'2000-03-27 17:52:08','2006-04-15 19:21:55'),
('36','1','36','Fuga ut pariatur rerum excepturi maxime minima vel. Ut et sed libero debitis dolorum molestias ex. Adipisci porro et assumenda. Optio sed alias accusamus in vitae non nesciunt quia.','officiis','3029',NULL,'1996-01-26 16:52:14','2000-06-17 22:19:32'),
('37','2','37','Deserunt sunt voluptas tempora. Dignissimos vitae excepturi voluptatem eum sint eius ea qui. Voluptas magni esse et.','et','297',NULL,'1974-11-23 00:42:56','1976-11-16 17:40:46'),
('38','3','38','Officiis ut maxime sed. Cupiditate repellendus et perferendis quia dignissimos et. Eum dolores voluptatum doloremque consequatur dolorem. Ea rerum dolorem laudantium est.','quia','61',NULL,'1975-02-10 22:28:47','1981-04-04 09:10:10'),
('39','4','39','Corporis et sed quas doloribus ut qui. Ad laborum dicta rem est. Aperiam cupiditate porro minus facere aliquam vitae.','nemo','6253182',NULL,'1986-05-15 02:26:33','1999-01-17 15:46:25'),
('40','5','40','Eaque eos neque nemo nesciunt veritatis. Quisquam quia a cupiditate. Qui consectetur facere et consequatur provident.','quis','12553698',NULL,'1989-04-16 11:41:46','1994-05-26 10:46:04'),
('41','1','41','Laboriosam quo ea accusamus deleniti corrupti explicabo fugiat. Et ipsum labore esse ullam ut et. Nulla similique velit nemo omnis.','possimus','772169766',NULL,'1996-07-02 07:16:32','1978-05-30 12:42:01'),
('42','2','42','Labore eveniet voluptatum facilis. Aut eos aspernatur dolores impedit autem et quos. Perspiciatis porro temporibus est quo sint.','commodi','28',NULL,'1994-07-28 06:22:45','2002-10-01 17:04:36'),
('43','3','43','Qui maiores quis vero aut iusto sit et. Qui rem aut consequatur quo.','deserunt','907814',NULL,'1981-06-01 11:32:15','2014-01-14 12:05:23'),
('44','4','44','Nobis mollitia qui veritatis rerum. Voluptatem et voluptatem in veritatis. Fugiat voluptatem vero eum ut maxime nobis. Qui est impedit incidunt incidunt et sit.','eos','429',NULL,'1997-01-04 14:49:51','2003-03-23 03:54:30'),
('45','5','45','Ut quam facere magni esse. Optio vitae voluptatum dicta voluptatem. Quisquam aut temporibus sit et voluptates vel reiciendis.','doloremque','4',NULL,'1987-12-29 03:53:04','2005-09-22 02:12:30'),
('46','1','46','Debitis eligendi corporis necessitatibus earum tenetur. Aliquam occaecati facilis dicta aut repudiandae in. Itaque natus eum aut iure et consequuntur soluta. Delectus nobis aut harum maxime.','a','490',NULL,'2015-10-07 12:15:08','1992-11-07 18:52:04'),
('47','2','47','Ut repudiandae itaque aliquid quisquam dolorem. Cumque cum qui iste quidem voluptatibus non.','iusto','16888669',NULL,'1982-03-14 03:18:46','1997-10-19 22:14:54'),
('48','3','48','Quia aut in quo qui aut. Earum occaecati eos praesentium nihil rerum aliquam. Temporibus voluptatum porro autem nesciunt nulla.','et','928',NULL,'2013-02-28 12:14:11','1973-07-26 21:51:13'),
('49','4','49','Laborum laboriosam aliquam et perferendis. Placeat veniam repellendus et non nesciunt. Voluptas sed aliquid itaque.','possimus','65727',NULL,'1983-03-31 12:47:12','2000-04-11 05:53:16'),
('50','5','50','Natus ut similique sint accusantium aut. Eaque delectus nam facere tempore fugit. Cupiditate eveniet in tenetur molestiae.','dolorem','6475',NULL,'2014-03-19 20:19:40','2006-07-04 09:41:45'),
('51','1','1','Animi nemo magnam nihil iste ullam veritatis et. Sunt rem a omnis. Id officia ex tenetur voluptas quisquam ut perferendis.','velit','2191474',NULL,'1991-02-01 18:56:46','1984-06-26 18:30:57'),
('52','2','2','Facere maiores voluptatem atque laudantium voluptas voluptatem. Natus omnis rem voluptas reiciendis. Quos qui eum tempore eos voluptate ut fugit repellat. Qui rem ut eveniet sunt possimus.','eligendi','92720',NULL,'1985-03-28 09:17:40','1998-05-23 08:38:54'),
('53','3','3','Cum architecto velit ut illo. Qui blanditiis sunt voluptate quisquam quia sit repellat. Dolorum non quas a illum laboriosam et maxime. Quia iusto repellendus est aut.','nesciunt','788',NULL,'2011-09-04 04:33:59','1982-07-02 04:45:59'),
('54','4','4','Eligendi ullam aspernatur blanditiis blanditiis vel quia. Autem magnam tenetur voluptatibus corrupti exercitationem magni. Et ut omnis odit voluptas enim et accusantium.','ullam','4',NULL,'2008-04-21 22:17:12','2008-05-31 21:12:35'),
('55','5','5','Qui sed voluptas explicabo omnis maxime maxime voluptas. Sit nemo omnis distinctio alias hic.','velit','24',NULL,'1990-01-16 07:42:28','1981-11-30 19:21:37'),
('56','1','6','Numquam ut libero magni vero. Aut qui tempore aperiam non nemo. Reiciendis veritatis et quisquam fugit eveniet quaerat necessitatibus.','nostrum','90993',NULL,'1981-07-24 23:54:59','1997-11-23 22:24:27'),
('57','2','7','Error maiores consequatur a cupiditate provident. Non eligendi consequatur et velit molestiae aspernatur. Alias amet a enim perspiciatis praesentium aut nemo qui. Iure perferendis itaque et consequuntur cupiditate.','qui','54',NULL,'1987-07-03 02:16:27','2007-05-12 07:10:13'),
('58','3','8','Sunt eum iusto architecto occaecati veritatis occaecati doloremque consequatur. Sed et laboriosam nobis eos.','a','73174',NULL,'2005-02-12 09:20:43','1981-09-20 14:22:32'),
('59','4','9','Sunt voluptas facilis labore mollitia eaque numquam vero. Et hic id assumenda et nobis. In aliquid earum sit tenetur repellendus iure aspernatur.','facilis','876',NULL,'1982-04-02 12:28:40','1984-07-13 13:23:38'),
('60','5','10','Est asperiores in ipsam quam omnis provident nihil magni. In a nesciunt exercitationem rerum nam illum qui. Commodi dolore aut provident facilis est. Aliquam earum dolorum voluptatem optio ut sunt.','ipsum','2508',NULL,'2012-06-26 12:04:36','1981-05-18 18:13:27'),
('61','1','11','Quidem ipsam sit vero eligendi iste doloribus quam. Et quae id voluptatem sequi quaerat. Tempora commodi aut sed nostrum distinctio.','illum','249151',NULL,'1983-08-08 08:01:17','1999-11-03 23:03:53'),
('62','2','12','Ratione vel dolorem possimus autem maxime sunt. Alias aut earum eos qui dolores sapiente quo. Cum veritatis et itaque vitae at ut delectus. Molestias itaque sit quasi aut ducimus.','velit','4086',NULL,'1983-08-17 05:19:44','1983-01-27 10:36:56'),
('63','3','13','Magnam non minima omnis sit autem eum. Nisi reiciendis sed nisi. Sint aut molestiae sed fuga.','nobis','248750',NULL,'1983-08-27 11:49:11','2000-08-10 23:53:17'),
('64','4','14','Expedita aliquid consectetur saepe esse. Alias dolor deleniti tempora. Dignissimos quia ex repellendus repellendus natus. A totam aut ad illo ut.','nam','0',NULL,'1988-09-06 11:11:02','1991-08-03 02:46:50'),
('65','5','15','Quasi nulla sapiente temporibus rerum. Non porro officiis asperiores. Quod voluptatem consectetur vel deleniti eaque expedita. Ipsa perspiciatis excepturi deleniti.','doloribus','669729514',NULL,'2009-08-05 09:36:22','1974-08-28 09:58:06'),
('66','1','16','Vero aut alias asperiores et explicabo. Blanditiis cumque explicabo neque fuga. Cupiditate commodi reprehenderit maiores sit eum quod aut.','voluptatem','0',NULL,'1980-02-19 13:44:00','2005-04-29 06:50:31'),
('67','2','17','Nemo est animi rerum quia omnis nesciunt atque. Perspiciatis in libero quidem dolorem. Numquam qui est quidem praesentium et. Similique voluptatem similique adipisci numquam odio placeat.','ipsum','24893555',NULL,'2002-07-05 12:11:39','2007-03-28 13:10:00'),
('68','3','18','Aut nemo nihil voluptatem a. Voluptate sint deleniti facilis blanditiis in qui doloribus. Non ipsa doloremque ipsum voluptatem qui vel ipsam. Eum eius nam explicabo ipsa cupiditate. Repudiandae iure harum vel maxime.','deserunt','4095242',NULL,'2016-04-13 00:52:13','1998-06-16 10:52:29'),
('69','4','19','Odit et adipisci adipisci delectus. Nesciunt neque voluptates sunt iusto laudantium qui quo rerum. Perspiciatis ducimus reprehenderit nam officiis.','repellat','0',NULL,'1992-04-07 19:20:24','1999-12-22 16:36:15'),
('70','5','20','Deserunt dolores et enim maiores qui. Et culpa perferendis architecto qui velit. Non tenetur veniam aliquam velit ullam.','numquam','568669209',NULL,'2006-03-04 06:01:11','2006-12-20 15:51:31'),
('71','1','21','Incidunt aut qui sed eaque. Pariatur minus voluptatem qui eum. Sequi cum unde omnis velit aut omnis. Tempora aspernatur ut ab.','quae','7853',NULL,'1973-05-12 17:49:04','2002-10-10 17:19:31'),
('72','2','22','Velit voluptas omnis reiciendis enim quibusdam cupiditate. Possimus numquam rerum fugit mollitia inventore. Accusantium quisquam tempora nostrum velit reprehenderit sint ea. Illo natus maiores blanditiis.','nostrum','73080437',NULL,'2016-03-20 15:32:55','2012-07-11 19:53:23'),
('73','3','23','Veniam nam neque id nobis consequatur ea eligendi reiciendis. Debitis voluptatibus perspiciatis autem quidem libero ut ex. Dolores sit quos voluptatem rerum occaecati aut velit ex.','et','5329817',NULL,'1973-01-13 23:01:41','2002-12-13 19:51:05'),
('74','4','24','Officia aut est deleniti et. In vel natus dolorem itaque.','molestiae','890749',NULL,'1992-01-06 18:05:08','1971-10-17 23:13:20'),
('75','5','25','Enim quae in enim molestiae consequuntur repellat qui. Repudiandae enim ut aliquam error ratione. Totam itaque omnis perferendis possimus perspiciatis dolorum. Ipsam cupiditate temporibus ex quo.','nisi','0',NULL,'1996-01-05 01:33:45','1987-05-12 22:03:39'),
('76','1','26','Quia excepturi aut in officiis facere non corporis. Amet distinctio accusantium excepturi dolore impedit delectus. Voluptatem expedita laboriosam et reprehenderit voluptas praesentium cum. Ab velit aut iste recusandae placeat nulla dolores.','et','20068149',NULL,'2010-12-25 14:41:23','1981-12-15 00:19:47'),
('77','2','27','Quia est qui commodi quis nam quis nemo. Voluptatem omnis et iure est. Eum unde optio nobis. Itaque aut ea autem et ex.','omnis','6056746',NULL,'2011-10-28 17:56:25','1990-03-08 20:28:07'),
('78','3','28','Labore est dicta praesentium repellendus cum facere vel. Veritatis quidem perspiciatis quasi eius veniam aperiam. Voluptatum quas autem laborum cumque.','harum','910',NULL,'1990-03-09 11:39:46','1978-01-20 10:52:45'),
('79','4','29','Iusto doloribus accusantium error. Cumque saepe minus quaerat natus quo laborum. Iure minus cumque adipisci quidem tempora quibusdam.','iste','8926438',NULL,'1986-05-22 13:40:19','1972-07-07 04:43:07'),
('80','5','30','Ut iusto molestiae vitae cupiditate. Aut id facere cupiditate eos. Sit earum et vel quis quaerat ut. Et aut et est ipsum.','quia','342428492',NULL,'2014-09-12 00:01:22','1991-11-25 17:29:56'),
('81','1','31','Autem aut enim beatae nemo dolor labore. Laborum in sint ex rem. Consequatur voluptatem sint illo corrupti tempora ut eos. Dolore veritatis vitae hic quod veniam unde.','labore','0',NULL,'2007-03-11 20:35:06','1988-01-11 18:37:22'),
('82','2','32','Sit repellendus libero eveniet modi quae. Iste rerum unde eveniet molestiae ut repudiandae maiores. Voluptatum itaque laboriosam quidem dolor maiores est commodi. Omnis delectus ullam nobis.','voluptas','60',NULL,'2004-03-05 21:45:29','1992-12-13 18:11:44'),
('83','3','33','Doloribus corrupti non sint alias repudiandae eum. Necessitatibus repudiandae quae eum. Tempora quia aperiam molestias et. Tempora eum et repellendus voluptatem iure iusto ea.','qui','9344',NULL,'1986-02-01 06:05:43','1970-06-09 05:08:34'),
('84','4','34','Ut excepturi incidunt repellat minus ea incidunt. Nobis est dolore veritatis ut ut nam. Culpa facere perferendis ea necessitatibus ullam aut. Enim sit consectetur ad occaecati. Corporis sequi in voluptates sint.','optio','38469846',NULL,'1996-01-31 15:04:44','2012-08-28 22:52:31'),
('85','5','35','Quo cum quae odit quisquam provident accusantium. Dolores velit laudantium omnis. Magnam repudiandae sit aspernatur occaecati. Tenetur odit explicabo neque expedita quia qui. Suscipit deleniti quas rerum consequatur aut occaecati.','aliquam','7581300',NULL,'1974-10-24 06:22:37','2017-03-25 11:52:00'),
('86','1','36','Est modi ipsum vel alias. Ut aliquam consequatur similique dolorem numquam dolorum. Est iusto alias quia et tempora deleniti ut.','tempore','0',NULL,'1975-08-18 08:49:39','2018-05-22 18:27:45'),
('87','2','37','Praesentium consequatur sed odio et quo ut. Laboriosam hic fugit earum occaecati.','et','909912106',NULL,'2007-07-06 01:46:39','2016-10-10 04:53:30'),
('88','3','38','Aspernatur doloremque voluptatem omnis rerum quos eveniet. Asperiores et sed rerum quasi alias quis iusto architecto. Et et molestias placeat quia quia dolorem reprehenderit.','magni','421',NULL,'2006-09-22 04:11:45','2012-05-27 08:10:13'),
('89','4','39','Dicta eaque asperiores voluptatem porro in id voluptates. Error aperiam saepe maiores odio cupiditate. Ratione beatae quibusdam qui aut ratione quam.','adipisci','956',NULL,'2004-10-04 14:56:00','2003-03-01 04:49:38'),
('90','5','40','Rem sequi soluta sed numquam aut similique. Velit nemo corporis rerum ut totam error autem. Aut adipisci recusandae alias. Eum et necessitatibus exercitationem qui.','rerum','201',NULL,'2003-01-14 13:27:38','1982-03-07 10:24:51'),
('91','1','41','In nihil sit quisquam dicta dolores commodi sequi. Recusandae et voluptatem fuga omnis placeat quo.','debitis','1133550',NULL,'2012-09-18 08:54:47','1984-05-19 05:33:13'),
('92','2','42','Quam vitae veritatis eius maiores vero. Optio harum quia dolores qui sed ut aut. In facilis a et perferendis illo.','ipsum','5',NULL,'2016-07-23 23:05:06','1977-08-29 08:35:54'),
('93','3','43','Repellat quod assumenda aliquid aperiam. Praesentium perferendis consequuntur magnam molestiae omnis sunt et. Sit voluptatem excepturi sed ab et.','nihil','86884876',NULL,'1974-05-10 16:38:58','1993-04-26 13:56:12'),
('94','4','44','Sed saepe quasi qui illum modi et perspiciatis ducimus. Officia quisquam ut libero dolor sequi nam. Eum ut neque eius eveniet. Iure porro ratione enim tempora.','deserunt','0',NULL,'1978-10-19 02:12:38','2017-09-03 19:18:56'),
('95','5','45','Quo qui sed fugiat veritatis. Velit ut aperiam eum placeat. Rerum quaerat similique est facere. Mollitia et saepe est alias fugiat et molestiae.','numquam','16',NULL,'2005-10-22 07:07:02','1999-01-26 23:04:31'),
('96','1','46','Optio illo odio autem laboriosam adipisci eveniet illo. Ad quia error sapiente ea minus omnis alias. Autem accusantium delectus quis non in ullam. Itaque id dolorem impedit id nostrum molestias. Ullam consequuntur perspiciatis in repellendus totam quo adipisci.','explicabo','16183',NULL,'1989-06-25 09:44:59','2007-09-16 15:54:10'),
('97','2','47','Earum incidunt officia asperiores nesciunt repudiandae qui optio. Voluptatem corrupti fugit ipsam reprehenderit earum aspernatur sit. Et tempora velit quo dolores. Fugit cupiditate asperiores totam vel ipsam ut fugit. Ducimus tempora et omnis earum.','rem','93',NULL,'1992-10-20 19:49:08','1996-07-03 01:16:52'),
('98','3','48','Illo modi recusandae reprehenderit nisi nam quae doloremque. Laborum voluptate voluptate repellat omnis consequatur. Quas eius ut hic aspernatur quidem. Est magnam tenetur quia similique ea.','et','2',NULL,'2012-07-20 15:25:10','1975-07-11 07:48:00'),
('99','4','49','Ut soluta distinctio unde provident modi consequatur non sint. Voluptate alias est nam. Blanditiis iure quis esse molestias id nesciunt. Blanditiis exercitationem sequi nisi velit. Et facilis tenetur vel quas.','quos','609',NULL,'2016-07-08 04:26:34','1989-07-25 22:36:05'),
('100','5','50','Possimus magnam dolorem quibusdam. Consequatur mollitia officiis quia odit. Laborum doloremque officiis sint veniam ut quasi.','fugit','345',NULL,'2011-11-25 12:35:38','1975-11-12 08:37:48'); 


DROP TABLE IF EXISTS `media_types`;
CREATE TABLE `media_types` (
  `id` bigint(20) unsigned NOT NULL AUTO_INCREMENT,
  `name` varchar(255) COLLATE utf8_unicode_ci DEFAULT NULL,
  `created_at` datetime DEFAULT current_timestamp(),
  `updated_at` datetime DEFAULT current_timestamp() ON UPDATE current_timestamp(),
  PRIMARY KEY (`id`)
) ENGINE=InnoDB AUTO_INCREMENT=6 DEFAULT CHARSET=utf8 COLLATE=utf8_unicode_ci;

INSERT INTO `media_types` VALUES ('1','nemo','1991-09-28 22:07:58','2010-02-16 00:10:28'),
('2','impedit','2009-01-28 19:37:35','2008-05-13 12:42:08'),
('3','voluptatem','1976-09-22 10:01:58','2007-08-08 12:48:59'),
('4','praesentium','1986-05-06 22:46:48','2012-12-05 01:35:29'),
('5','ea','1988-09-06 20:40:16','1972-10-03 08:25:07'); 


DROP TABLE IF EXISTS `messages`;
CREATE TABLE `messages` (
  `id` bigint(20) unsigned NOT NULL AUTO_INCREMENT,
  `from_user_id` bigint(20) unsigned NOT NULL,
  `to_user_id` bigint(20) unsigned NOT NULL,
  `body` text COLLATE utf8_unicode_ci DEFAULT NULL,
  `created_at` datetime DEFAULT current_timestamp(),
  PRIMARY KEY (`id`),
  KEY `messages_from_user_id` (`from_user_id`),
  KEY `messages_to_user_id` (`to_user_id`),
  CONSTRAINT `messages_ibfk_1` FOREIGN KEY (`from_user_id`) REFERENCES `users` (`id`),
  CONSTRAINT `messages_ibfk_2` FOREIGN KEY (`to_user_id`) REFERENCES `users` (`id`)
) ENGINE=InnoDB AUTO_INCREMENT=101 DEFAULT CHARSET=utf8 COLLATE=utf8_unicode_ci;

INSERT INTO `messages` VALUES ('1','1','1','Doloremque voluptas repellat quia. Iure nesciunt deleniti suscipit reiciendis expedita inventore natus. Sequi velit corporis ipsa porro iste ut. Soluta maxime qui exercitationem nihil.','1983-07-11 05:05:33'),
('2','2','2','Placeat in nisi enim id animi. Aut qui quos quo ipsa earum laudantium et. Perferendis quia cupiditate consequatur culpa. Rerum quod delectus consequatur vel.','2007-12-24 10:56:54'),
('3','3','3','Voluptatibus maiores doloremque ab. Iure quaerat aliquam a qui quibusdam. Voluptatibus est perferendis expedita consequuntur. Molestiae itaque fugit ex molestiae ut rerum.','2014-04-04 06:12:43'),
('4','4','4','Quam corrupti nesciunt asperiores suscipit et inventore accusamus. Est vel eum distinctio. Provident corporis impedit nemo doloremque possimus et.','1975-03-26 02:38:01'),
('5','5','5','Officia consequuntur magnam incidunt quidem. Numquam sint est neque ipsa. Est rerum et natus repudiandae libero nobis. Quae veniam neque laudantium.','1975-04-23 08:19:10'),
('6','6','6','Eum omnis qui autem dolore nobis sit. Doloribus ipsam tempore occaecati odio voluptatum. Ad veniam suscipit tempora ad. Rem ut voluptatem qui et culpa eius sunt. Beatae dolorum maiores odio consequatur.','2001-12-15 15:48:20'),
('7','7','7','Aut sit excepturi qui et accusantium. Voluptatem voluptatibus tenetur odit qui dolor et. Fugit iusto ut optio et eaque iusto. Dolor est at eligendi quod mollitia quia.','2013-12-17 21:19:03'),
('8','8','8','Dignissimos debitis explicabo aliquam itaque sed delectus et. Dolores earum deserunt esse quia. Qui sed ratione dolorem deserunt labore id et. Dolorem facere quo qui cupiditate accusantium optio.','1994-10-09 14:36:00'),
('9','9','9','Ut aut possimus ipsum sequi iste adipisci voluptate. Voluptatem non sed qui sit. Amet ipsam eos corrupti delectus.','1989-01-16 20:37:18'),
('10','10','10','Dolor qui aut placeat qui tempora sint. Ipsum consequatur est velit in laudantium nulla repellendus. Blanditiis a aut iste voluptatem ad quo eligendi qui.','1983-05-21 10:22:11'),
('11','11','11','Voluptatem tenetur ex laboriosam sapiente iusto sunt architecto. Voluptatem ipsum consequatur amet ut reprehenderit earum est. Dolorem deserunt est et. Dolor dolor dignissimos voluptatem dolor.','1995-05-06 05:57:54'),
('12','12','12','Qui in recusandae sit aut doloribus qui eius omnis. Dolores adipisci voluptatem praesentium labore numquam. Ut nisi fugit sapiente et voluptatem voluptatem. Id error nisi atque dolorem optio. Nemo inventore praesentium voluptatem quidem.','1980-12-10 06:30:50'),
('13','13','13','Qui non expedita iste odit consectetur vel architecto. Sit beatae aspernatur error ut. Rerum temporibus eum odio cupiditate voluptas veritatis.','1980-11-09 16:26:05'),
('14','14','14','Quis beatae ut placeat repellat iusto esse est. Atque necessitatibus iste deleniti eum. Reiciendis dolores corporis reiciendis consectetur quisquam odio non. Modi quis unde et quo architecto labore nobis.','1987-09-16 15:58:51'),
('15','15','15','Enim et praesentium in. Ut aliquam dolores nam repudiandae non odit. Vitae suscipit repudiandae consectetur sunt.','1986-05-04 09:51:20'),
('16','16','16','Amet et sed architecto qui. Error dolorem quia consequatur et.','1981-08-01 00:26:48'),
('17','17','17','Laudantium perferendis dolor quasi est deserunt voluptatibus. Labore incidunt reiciendis architecto blanditiis nihil tempora eos. Magnam dolorem sit quia eos est.','2001-07-30 13:33:54'),
('18','18','18','In dolorem ea eos dolor voluptas beatae. Vitae atque voluptate molestiae officia facilis dolore. Et rerum blanditiis voluptatem enim.','1999-05-05 07:30:39'),
('19','19','19','Quae commodi perferendis architecto et alias suscipit optio. Quis vel id non. Aspernatur asperiores cupiditate suscipit quam dicta laudantium qui.','2002-04-16 04:16:55'),
('20','20','20','Blanditiis vitae eum nam incidunt. Illum alias quibusdam quo provident consectetur non. Facilis incidunt quo dolor soluta.','2006-11-02 00:50:34'),
('21','21','21','Recusandae in pariatur incidunt dicta necessitatibus quia. Quae et beatae eum eum est architecto beatae quod. Voluptatem explicabo mollitia quasi veniam voluptatem et laborum mollitia.','1993-08-12 19:17:20'),
('22','22','22','Omnis molestiae eos ut. Corporis repudiandae incidunt accusantium fuga officia. Qui est dolorem et tenetur sunt cumque illo.','2011-11-14 06:55:37'),
('23','23','23','Aut alias sit nam vitae et saepe. Quisquam voluptatem iure nesciunt et qui nihil. Et hic voluptas quod dolorem aut dolor placeat.','1984-01-08 00:21:10'),
('24','24','24','Temporibus ullam maxime ipsa repudiandae. Qui sunt est laboriosam odit.','1971-03-25 21:50:41'),
('25','25','25','Eaque sit enim blanditiis. Exercitationem iure et eius. Porro officiis vel exercitationem qui.','1990-11-11 08:02:37'),
('26','26','26','Expedita asperiores non praesentium eaque excepturi omnis. Est et distinctio vel eos. Consectetur dolorem exercitationem autem eveniet eum quisquam ullam.','1973-12-16 01:47:00'),
('27','27','27','Culpa minus sunt iure consectetur eaque. Ipsam veniam numquam velit odio. Rem repellat officiis inventore.','1996-07-21 19:53:47'),
('28','28','28','Soluta et quia accusamus quas. In tempore labore dolor facilis aut est. Qui illum eveniet ab sequi distinctio. Quae sed est aliquam quisquam incidunt accusantium aspernatur earum.','1986-07-16 19:59:17'),
('29','29','29','Error quis ducimus quos pariatur et earum. Repudiandae tempora eius est repellendus vero. Itaque omnis consectetur et.','1981-07-28 09:02:27'),
('30','30','30','Accusantium ut earum laborum nostrum enim est. Nam autem ducimus voluptatibus ea. Qui esse nostrum quidem eos. Deleniti dolores aut est consequatur.','1970-10-16 12:57:12'),
('31','31','31','Cum dolor vel qui repudiandae recusandae iure. Veritatis est soluta sint enim. Nisi quas fuga voluptates aut cum in. Laborum laudantium cumque nulla.','1977-07-13 07:15:26'),
('32','32','32','Explicabo expedita voluptates culpa sed adipisci. Dolor vero et quia perferendis quibusdam. Repellat quia et sed culpa. Excepturi veritatis aspernatur sint ea.','1981-08-08 14:14:49'),
('33','33','33','Non reiciendis dolor natus. Reprehenderit nihil et temporibus tenetur unde nobis nemo. Explicabo vel perspiciatis illum nulla dignissimos. Totam omnis consequatur itaque autem consectetur praesentium. Sed dolor cumque ut ducimus impedit sint quos.','1979-08-24 17:30:03'),
('34','34','34','Laborum aut beatae corporis voluptas totam inventore voluptas. Necessitatibus ipsam omnis voluptate deserunt qui. Tenetur veniam voluptas qui omnis nesciunt soluta. Voluptatum modi eum consequatur vel. Et incidunt delectus repellat magni porro.','1976-05-11 16:11:01'),
('35','35','35','Quo fuga repellendus dolores culpa in distinctio veritatis est. Fugiat consectetur velit possimus quaerat. Maxime vero dolorem praesentium nihil aliquam doloremque voluptatem et. Placeat porro deleniti nihil ea esse fugiat in.','1995-11-09 02:13:03'),
('36','36','36','Accusantium quae voluptatibus reiciendis aut omnis error sint. Consectetur ea facilis quae perspiciatis. Quibusdam dolorem quia aliquam hic laborum distinctio nobis. Veritatis qui sit odio et sint qui.','1997-03-28 06:08:11'),
('37','37','37','Voluptatum alias minima ratione. Vel laboriosam voluptatem rem eius voluptatem. Excepturi dolor minus dolores sapiente placeat officia.','2009-10-29 04:13:56'),
('38','38','38','Est omnis sint pariatur fugit itaque deleniti ipsam. Sapiente ex laboriosam voluptates necessitatibus officia recusandae maxime. Accusamus sequi ut voluptatum dolor.','2009-01-26 05:19:41'),
('39','39','39','Eveniet ipsam est ad natus et. Nisi voluptate inventore sit amet explicabo magni accusamus. Accusantium qui unde qui est quod. Pariatur quos tempora non qui.','1974-02-11 02:44:37'),
('40','40','40','Est qui ex aspernatur laboriosam magnam et. Eaque incidunt qui et beatae. Hic tempora explicabo est esse iste nemo. Omnis amet dicta voluptate beatae magni nam.','2003-11-13 16:21:21'),
('41','41','41','Omnis consequuntur architecto id aut inventore nobis pariatur. Quo omnis nostrum quis ullam sed quidem qui. Quo nostrum sit culpa aliquid. Perspiciatis nisi aliquid voluptatem velit quos.','1974-06-18 22:17:22'),
('42','42','42','Dolorem et deserunt enim tempore. Consectetur voluptate nam neque labore maxime.','1987-11-12 15:16:04'),
('43','43','43','Magni molestiae et quaerat quas facilis similique doloremque. Unde repudiandae fuga rerum saepe magnam quos perferendis sed. Reprehenderit rerum nisi officia non ex consectetur est. Fuga est quod officiis minus.','1985-12-08 04:34:17'),
('44','44','44','Autem ea molestiae hic eum. Sit quia perspiciatis esse est provident vel voluptatem. Ratione error explicabo debitis quos quibusdam odit fuga recusandae. Voluptas quod maiores unde provident vel est.','2001-03-03 04:16:04'),
('45','45','45','Debitis perspiciatis vero sunt omnis. Ea aliquid consequatur qui aut. Ea a itaque et neque corporis. Et illo hic sint ut hic. Officia vero animi id autem molestiae velit ad.','2015-03-09 22:29:18'),
('46','46','46','Ut optio sint neque mollitia. Illo tenetur quibusdam et totam perferendis. Modi dolores vero ipsa optio quia amet consequatur.','1980-04-06 06:30:58'),
('47','47','47','Voluptatibus aut quam saepe. Magni facere quam cum quia amet molestiae. Et facilis cumque et velit ut optio rem ab.','2000-03-10 16:46:16'),
('48','48','48','Est autem quia neque corrupti reprehenderit iure aperiam. Quae expedita debitis nostrum ut est optio exercitationem. Sint aut quia ullam.','2004-02-22 23:12:14'),
('49','49','49','Quidem aut cumque placeat nostrum veritatis. Adipisci itaque qui alias in rerum molestiae voluptatibus dolor. Aut nulla iure corporis cumque nihil.','1971-10-29 11:44:36'),
('50','50','50','Nihil repudiandae est aut dolor inventore enim unde. Labore et aut fugit veritatis exercitationem ut rerum aut. Quia perspiciatis aut id nam.','2005-10-22 23:34:44'),
('51','1','1','Placeat veniam consequatur exercitationem cum quo fuga tempora. Quam impedit sit ut et cupiditate.','2015-07-19 21:03:49'),
('52','2','2','Placeat hic iste commodi maxime repellendus iusto. Quaerat rerum neque ducimus asperiores. Quasi aut ex alias officia est error cumque velit. Molestiae cum aspernatur et minus.','2014-03-22 11:01:27'),
('53','3','3','Eligendi qui reiciendis possimus minima. Et et quia nam eos necessitatibus dolorem. Facere ad quos suscipit voluptatibus voluptate laborum voluptatibus. Delectus tempora consequatur cupiditate omnis consectetur. Molestiae nam sit voluptas sint nostrum.','2015-12-14 19:49:49'),
('54','4','4','Magnam quis eius reiciendis voluptatem excepturi enim et dolorem. Consectetur sapiente praesentium distinctio.','1978-10-09 17:14:04'),
('55','5','5','Provident quod reiciendis beatae quaerat eum unde nihil et. Fugiat voluptatem repellat architecto. Et quis omnis ut quas exercitationem sunt. Explicabo dolores laboriosam qui sunt eaque quo.','2018-11-16 14:39:10'),
('56','6','6','Illum delectus cum quasi consectetur quos illo doloribus laudantium. Perspiciatis sapiente officia laudantium at labore et amet. Eius enim perspiciatis ut maxime et laboriosam sed. Ut consequuntur architecto totam atque odit.','1986-05-04 21:16:10'),
('57','7','7','Ea excepturi assumenda molestiae. Sit vel voluptatum tenetur at quis.','1984-08-13 04:10:09'),
('58','8','8','Alias quis sit illo quibusdam. Dignissimos et quos laborum aut. Repudiandae consequatur animi eum et. Molestias eum sit voluptas.','1982-04-02 22:34:57'),
('59','9','9','Officiis a laboriosam voluptas excepturi inventore. Iusto dicta rerum fugit corporis excepturi. Sunt fugiat est rerum.','2009-07-06 12:24:17'),
('60','10','10','Velit nostrum velit facilis quia deleniti adipisci facilis. Odio cumque qui iusto alias dolor. Nam qui quidem quas voluptatem sunt.','1970-11-07 15:35:48'),
('61','11','11','Ut et qui ut vero. Odit ad omnis nulla dolorem dolores aliquam ad. Enim quis sunt at quia iste.','1985-03-12 16:11:21'),
('62','12','12','Sed quibusdam sapiente magnam non. Id ut dignissimos alias velit vitae suscipit consequatur. Magnam laborum nam nemo magnam dolor velit. Consectetur reiciendis eum saepe quisquam.','2006-01-01 04:54:21'),
('63','13','13','Animi voluptatem ut voluptatem eaque dolores eos voluptatem quis. Aut a sapiente eveniet voluptate.','1976-03-06 10:31:44'),
('64','14','14','Laudantium esse doloremque voluptas fugit. Tenetur et in nostrum optio. Dolore animi pariatur mollitia sint libero inventore. Dignissimos et qui deleniti et reiciendis qui.','1991-03-22 18:46:41'),
('65','15','15','Nisi unde ut ut nam vitae molestiae. In quo aspernatur delectus eos nemo. Aliquid consequatur quia reiciendis omnis dolore quasi temporibus. Soluta magnam enim possimus at.','1974-09-12 02:12:22'),
('66','16','16','Ut rerum eum quia nulla occaecati iusto. Nam maiores dicta quo dolore et nesciunt. Quod qui excepturi inventore harum amet enim quos.','2011-06-29 22:35:02'),
('67','17','17','Ut occaecati dolorum et fuga vitae. Adipisci nihil ipsa ut molestias neque. Reprehenderit hic aliquid id est quia qui velit aliquid.','2007-01-05 10:20:45'),
('68','18','18','Quo ut ipsum nihil saepe cupiditate sint qui. Nihil quod qui non et voluptatem dolores ut. Recusandae iste impedit minima. Quis aliquam accusantium voluptas quia fugit aspernatur.','1984-02-16 14:05:49'),
('69','19','19','Voluptatem facere sunt sed. Rerum sint nam sed ut. Nihil laborum est nostrum aliquam voluptatum sapiente voluptatem. Labore voluptatem aut sequi ut commodi nam earum aut.','1997-06-23 22:42:02'),
('70','20','20','Repellat sit suscipit porro exercitationem. Optio id rem voluptas sit vel sunt voluptatem fuga. Non voluptatem provident tenetur sit occaecati deleniti. A quae consectetur repellendus labore deserunt ex nam. Quam voluptas tempore illum error qui ullam.','2011-07-19 22:26:19'),
('71','21','21','Et omnis excepturi est sit laboriosam nam. Voluptas occaecati voluptatem voluptatibus. Eum et sint ab qui molestiae.','2001-10-10 16:25:14'),
('72','22','22','Cumque rerum culpa tenetur dolor et. Laudantium modi quo magnam aut repellendus hic. Quia veniam tempore illum incidunt voluptates.','2004-08-24 22:36:46'),
('73','23','23','Possimus facere vel qui velit adipisci quaerat in. Vel voluptatem tenetur at omnis aliquam consequatur. Et nihil mollitia aliquam accusantium. Illo architecto voluptatem sunt.','2009-09-06 19:14:15'),
('74','24','24','Sed assumenda mollitia reiciendis deserunt nostrum expedita. Ut quisquam explicabo voluptatem ut et ad quaerat. Laboriosam ipsum et asperiores aliquid laudantium. Qui odit ab velit repellendus molestiae molestias et recusandae. Qui reiciendis ut aliquid.','2000-11-22 18:22:22'),
('75','25','25','Est est iure consequatur in perferendis ut. Doloribus recusandae quaerat quo quo laboriosam ex quibusdam. Quae veritatis velit quisquam dolorem. Ut corrupti recusandae doloribus saepe tempora pariatur aperiam.','2010-07-20 17:39:12'),
('76','26','26','Rerum aperiam alias id mollitia. Id earum magnam rerum. Laboriosam ut reiciendis hic expedita officiis at. Ut aut explicabo molestiae officiis est est.','2009-12-19 12:21:42'),
('77','27','27','Nihil vel sequi ullam est molestiae consequatur vero quia. Sunt et nihil libero quia ullam et.','1989-08-21 23:34:47'),
('78','28','28','Ullam nesciunt aut omnis consequatur esse modi. Exercitationem nihil veritatis sit reprehenderit quas quidem animi.','1999-10-30 16:06:51'),
('79','29','29','Ut a non suscipit. Neque ea ex aut qui. Iste beatae itaque dignissimos vel. Ducimus accusamus non veniam qui sed.','2002-09-13 20:48:36'),
('80','30','30','Rerum saepe omnis nesciunt ipsam. Quam et sed quia officiis quos et officia. Reprehenderit ducimus repellat veritatis.','1979-07-10 08:23:29'),
('81','31','31','Voluptatem quo et quos dicta. Asperiores non veniam eos quia doloribus ut ducimus. Neque et ipsam aut rerum. Doloremque voluptatibus et mollitia.','1984-08-29 04:34:10'),
('82','32','32','Aut non quo totam est nam accusamus. Eius maxime architecto fugit hic aut ut nisi.','2004-10-26 03:49:02'),
('83','33','33','Minus reiciendis modi sunt in vero. Dicta aspernatur fuga quia saepe delectus.','2009-03-09 23:03:55'),
('84','34','34','Eos et similique repellat tempore. Adipisci aut ut excepturi officiis. Atque expedita alias ab molestias ut tempora quaerat non. Unde placeat sunt excepturi et id.','1982-04-14 01:02:54'),
('85','35','35','Veritatis totam molestiae soluta laboriosam id. Excepturi labore vero minus omnis. Ut nesciunt modi qui iste.','1972-01-09 09:33:10'),
('86','36','36','Beatae eos et repellat commodi rerum reiciendis. Qui eius magni cumque saepe vel nihil neque. Et sint aut cupiditate nesciunt non. Quo illo culpa qui animi.','2013-04-09 19:37:14'),
('87','37','37','Est ut quia qui quo voluptatem quo debitis. Consequatur ipsam iusto quo aut voluptas accusantium possimus. A et quos et minus ducimus.','1977-03-01 22:11:09'),
('88','38','38','Explicabo eos reprehenderit eligendi quia voluptates voluptates. Laudantium ex aspernatur deserunt. In id reprehenderit a rerum officia omnis quas est. Aut adipisci et nesciunt quam accusamus.','1977-01-16 02:22:11'),
('89','39','39','Omnis qui illum aut laborum. Pariatur accusantium error doloribus aspernatur. Distinctio nihil cum ducimus qui. Non necessitatibus tempora odit vero.','1977-08-25 18:37:56'),
('90','40','40','Amet laborum ut distinctio laudantium. Dolores voluptas molestiae ipsum sed.','2009-11-25 03:54:45'),
('91','41','41','Non quam deleniti tenetur nesciunt. Illo maiores laboriosam pariatur officia commodi et nulla. Deserunt veniam mollitia praesentium sed. Nisi voluptatem deserunt earum reiciendis.','2010-08-13 10:16:45'),
('92','42','42','Qui est id distinctio dolores eveniet autem. Deserunt voluptatem accusantium molestiae minima. Accusamus nemo architecto eos sed assumenda voluptas.','1980-10-25 04:42:57'),
('93','43','43','Nam accusantium itaque at sint exercitationem ab non. Fuga vel sequi atque corrupti et. Atque omnis suscipit incidunt quis eos.','1993-11-06 20:31:06'),
('94','44','44','Optio nesciunt dicta maxime et. Voluptas perferendis incidunt id consequuntur voluptatem. Odit suscipit unde rerum sunt expedita. Et iste numquam nobis sint suscipit fugit itaque.','2010-09-20 21:29:05'),
('95','45','45','Et veniam illum sed voluptatem at nihil accusamus. Iste veritatis magni magnam dolor voluptatem excepturi sed. Quidem et dolorum molestiae asperiores enim in.','1981-08-09 02:09:01'),
('96','46','46','Error accusamus impedit facere ad corporis. Omnis sunt tempora unde sed et voluptate est. Temporibus illum exercitationem ipsa.','1971-04-06 04:50:15'),
('97','47','47','Ratione totam molestias nisi asperiores amet. Est non itaque quisquam iure nesciunt harum. Ut corporis omnis aperiam dolorum nihil. Molestias earum suscipit dolor dolor at id.','1992-09-13 01:15:05'),
('98','48','48','Sed vel ex nesciunt tenetur excepturi qui. Dolores voluptatem quasi doloremque voluptas aut officiis laudantium.','2012-11-11 06:24:15'),
('99','49','49','Quia repellat corrupti voluptas doloribus ut impedit nam quae. Cumque quas esse sit praesentium non qui. Sit numquam id minus corrupti et. Qui unde natus maxime.','1997-11-05 12:31:24'),
('100','50','50','Doloremque dolore placeat veritatis aut harum reiciendis. Praesentium ad minima eos et. Et et iusto quod voluptatem aliquam minus perferendis ullam.','2017-12-16 12:32:41'); 


DROP TABLE IF EXISTS `photo_albums`;
CREATE TABLE `photo_albums` (
  `id` bigint(20) unsigned NOT NULL AUTO_INCREMENT,
  `name` varchar(255) COLLATE utf8_unicode_ci DEFAULT NULL,
  `user_id` bigint(20) unsigned DEFAULT NULL,
  PRIMARY KEY (`id`),
  UNIQUE KEY `id` (`id`),
  KEY `user_id` (`user_id`),
  CONSTRAINT `photo_albums_ibfk_1` FOREIGN KEY (`user_id`) REFERENCES `users` (`id`)
) ENGINE=InnoDB AUTO_INCREMENT=51 DEFAULT CHARSET=utf8 COLLATE=utf8_unicode_ci;

INSERT INTO `photo_albums` VALUES ('1','exercitationem','1'),
('2','nobis','2'),
('3','qui','3'),
('4','iure','4'),
('5','nesciunt','5'),
('6','eos','6'),
('7','unde','7'),
('8','cumque','8'),
('9','hic','9'),
('10','expedita','10'),
('11','minus','11'),
('12','dolorum','12'),
('13','aut','13'),
('14','pariatur','14'),
('15','cumque','15'),
('16','veritatis','16'),
('17','et','17'),
('18','ullam','18'),
('19','excepturi','19'),
('20','praesentium','20'),
('21','repellat','21'),
('22','et','22'),
('23','eos','23'),
('24','ullam','24'),
('25','eveniet','25'),
('26','consequatur','26'),
('27','fugiat','27'),
('28','est','28'),
('29','velit','29'),
('30','adipisci','30'),
('31','necessitatibus','31'),
('32','tenetur','32'),
('33','atque','33'),
('34','voluptatem','34'),
('35','omnis','35'),
('36','facere','36'),
('37','iure','37'),
('38','dolorem','38'),
('39','veritatis','39'),
('40','blanditiis','40'),
('41','assumenda','41'),
('42','vel','42'),
('43','et','43'),
('44','provident','44'),
('45','quisquam','45'),
('46','blanditiis','46'),
('47','veritatis','47'),
('48','corporis','48'),
('49','vitae','49'),
('50','temporibus','50'); 


DROP TABLE IF EXISTS `photos`;
CREATE TABLE `photos` (
  `id` bigint(20) unsigned NOT NULL AUTO_INCREMENT,
  `album_id` bigint(20) unsigned NOT NULL,
  `media_id` bigint(20) unsigned NOT NULL,
  PRIMARY KEY (`id`),
  KEY `album_id` (`album_id`),
  KEY `media_id` (`media_id`),
  CONSTRAINT `photos_ibfk_1` FOREIGN KEY (`album_id`) REFERENCES `photo_albums` (`id`),
  CONSTRAINT `photos_ibfk_2` FOREIGN KEY (`media_id`) REFERENCES `media` (`id`)
) ENGINE=InnoDB AUTO_INCREMENT=51 DEFAULT CHARSET=utf8 COLLATE=utf8_unicode_ci;

INSERT INTO `photos` VALUES ('1','1','1'),
('2','2','2'),
('3','3','3'),
('4','4','4'),
('5','5','5'),
('6','6','6'),
('7','7','7'),
('8','8','8'),
('9','9','9'),
('10','10','10'),
('11','11','11'),
('12','12','12'),
('13','13','13'),
('14','14','14'),
('15','15','15'),
('16','16','16'),
('17','17','17'),
('18','18','18'),
('19','19','19'),
('20','20','20'),
('21','21','21'),
('22','22','22'),
('23','23','23'),
('24','24','24'),
('25','25','25'),
('26','26','26'),
('27','27','27'),
('28','28','28'),
('29','29','29'),
('30','30','30'),
('31','31','31'),
('32','32','32'),
('33','33','33'),
('34','34','34'),
('35','35','35'),
('36','36','36'),
('37','37','37'),
('38','38','38'),
('39','39','39'),
('40','40','40'),
('41','41','41'),
('42','42','42'),
('43','43','43'),
('44','44','44'),
('45','45','45'),
('46','46','46'),
('47','47','47'),
('48','48','48'),
('49','49','49'),
('50','50','50'); 


DROP TABLE IF EXISTS `profiles`;
CREATE TABLE `profiles` (
  `user_id` bigint(20) unsigned NOT NULL AUTO_INCREMENT,
  `gender` char(1) COLLATE utf8_unicode_ci DEFAULT NULL,
  `birthday` date DEFAULT NULL,
  `photo_id` bigint(20) unsigned DEFAULT NULL,
  `created_at` datetime DEFAULT current_timestamp(),
  `hometown` varchar(100) COLLATE utf8_unicode_ci DEFAULT NULL,
  `is_active` tinyint(1) DEFAULT 1,
  PRIMARY KEY (`user_id`),
  CONSTRAINT `profiles_ibfk_1` FOREIGN KEY (`user_id`) REFERENCES `users` (`id`) ON UPDATE CASCADE
) ENGINE=InnoDB AUTO_INCREMENT=51 DEFAULT CHARSET=utf8 COLLATE=utf8_unicode_ci;

INSERT INTO `profiles` VALUES ('1',NULL,'1977-02-09','1','1996-01-04 03:09:47',NULL,'1'),
('2',NULL,'1993-11-22','2','2014-08-01 18:36:34',NULL,'1'),
('3',NULL,'1978-08-15','3','2009-10-07 20:39:00',NULL,'1'),
('4',NULL,'2002-04-08','4','2001-05-14 23:10:55',NULL,'1'),
('5',NULL,'1995-12-03','5','1976-01-16 15:16:52',NULL,'1'),
('6',NULL,'2018-01-13','6','1993-05-02 10:20:47',NULL,'1'),
('7',NULL,'1984-06-20','7','1988-11-06 05:47:15',NULL,'1'),
('8',NULL,'1988-11-13','8','1986-09-23 15:13:29',NULL,'1'),
('9',NULL,'1979-03-19','9','1971-10-16 04:29:45',NULL,'1'),
('10',NULL,'1992-09-12','10','2004-07-28 05:00:23',NULL,'1'),
('11',NULL,'1974-05-17','11','1990-05-04 00:43:09',NULL,'1'),
('12',NULL,'2009-12-12','12','2005-03-01 15:19:33',NULL,'1'),
('13',NULL,'1995-06-14','13','1971-10-26 15:03:16',NULL,'1'),
('14',NULL,'2002-04-21','14','1983-02-11 23:41:19',NULL,'1'),
('15',NULL,'2017-09-10','15','1972-11-19 14:42:24',NULL,'1'),
('16',NULL,'2011-10-22','16','1971-04-26 16:37:19',NULL,'1'),
('17',NULL,'2001-02-18','17','1981-09-08 03:10:58',NULL,'1'),
('18',NULL,'1972-05-28','18','1970-10-02 19:14:04',NULL,'1'),
('19',NULL,'1972-11-16','19','2003-10-06 08:02:10',NULL,'1'),
('20',NULL,'1976-09-05','20','2018-07-19 17:35:35',NULL,'1'),
('21',NULL,'1987-04-04','21','2015-08-28 07:05:32',NULL,'1'),
('22',NULL,'1978-11-10','22','2008-01-03 10:06:34',NULL,'1'),
('23',NULL,'2000-09-26','23','2001-04-07 17:39:06',NULL,'1'),
('24',NULL,'2013-09-05','24','1989-10-12 04:51:53',NULL,'1'),
('25',NULL,'1983-12-24','25','2006-02-21 00:59:27',NULL,'1'),
('26',NULL,'1974-11-19','26','2010-07-19 14:25:42',NULL,'1'),
('27',NULL,'1994-03-25','27','1982-11-17 19:49:42',NULL,'1'),
('28',NULL,'2017-01-04','28','1998-05-12 20:35:59',NULL,'1'),
('29',NULL,'2016-03-31','29','2019-12-04 14:54:33',NULL,'1'),
('30',NULL,'1973-06-25','30','1979-12-27 17:59:03',NULL,'1'),
('31',NULL,'1971-08-19','31','2010-10-24 13:48:05',NULL,'1'),
('32',NULL,'2006-10-21','32','1982-06-07 04:38:54',NULL,'1'),
('33',NULL,'2006-06-02','33','1980-01-21 07:06:29',NULL,'1'),
('34',NULL,'1984-11-13','34','1974-01-23 02:32:38',NULL,'1'),
('35',NULL,'1981-11-24','35','2013-09-03 16:44:03',NULL,'1'),
('36',NULL,'1991-12-15','36','1992-05-14 00:34:21',NULL,'1'),
('37',NULL,'2004-11-14','37','2014-05-30 01:50:13',NULL,'1'),
('38',NULL,'1973-03-12','38','2000-01-15 10:17:43',NULL,'1'),
('39',NULL,'1996-01-21','39','2018-12-14 20:33:17',NULL,'1'),
('40',NULL,'2016-09-03','40','2007-10-23 16:15:30',NULL,'1'),
('41',NULL,'1995-04-02','41','1972-06-11 04:13:48',NULL,'1'),
('42',NULL,'1976-09-13','42','1977-12-28 16:26:03',NULL,'1'),
('43',NULL,'1994-01-01','43','1988-01-02 02:31:09',NULL,'1'),
('44',NULL,'2009-04-13','44','2001-02-13 18:02:04',NULL,'1'),
('45',NULL,'1979-12-26','45','1975-01-25 03:48:07',NULL,'1'),
('46',NULL,'1998-07-25','46','1992-04-13 01:25:31',NULL,'1'),
('47',NULL,'1978-03-19','47','1996-01-04 00:12:41',NULL,'1'),
('48',NULL,'2017-12-13','48','1999-03-12 02:33:09',NULL,'1'),
('49',NULL,'1977-08-28','49','1989-03-27 12:36:27',NULL,'1'),
('50',NULL,'1991-02-26','50','2001-02-14 07:15:52',NULL,'1'); 


DROP TABLE IF EXISTS `users`;
CREATE TABLE `users` (
  `id` bigint(20) unsigned NOT NULL AUTO_INCREMENT,
  `firstname` varchar(50) COLLATE utf8_unicode_ci DEFAULT NULL,
  `lastname` varchar(50) COLLATE utf8_unicode_ci DEFAULT NULL COMMENT '',
  `email` varchar(120) COLLATE utf8_unicode_ci DEFAULT NULL,
  `phone` bigint(20) DEFAULT NULL,
  PRIMARY KEY (`id`),
  UNIQUE KEY `email` (`email`),
  KEY `users_phone_idx` (`phone`),
  KEY `users_firstname_lastname_idx` (`firstname`,`lastname`)
) ENGINE=InnoDB AUTO_INCREMENT=51 DEFAULT CHARSET=utf8 COLLATE=utf8_unicode_ci;

INSERT INTO `users` VALUES ('1','Mark','Runte','feeney.addie@example.net','153'),
('2','Raphael','Kub','schneider.amparo@example.com','21'),
('3','Daren','Murray','heathcote.lucius@example.com','949181'),
('4','Nasir','Keebler','otha.murazik@example.org','941878'),
('5','Cletus','Mosciski','spencer.buckridge@example.net','0'),
('6','Maida','Haag','leffler.loren@example.net','791098'),
('7','Angel','Witting','amy.nader@example.org','298327'),
('8','Kathleen','Corwin','cheyenne69@example.com','0'),
('9','Nels','Schiller','egutkowski@example.net','409'),
('10','Heath','Sporer','leora.boehm@example.org','0'),
('11','Camylle','Larson','boyd.cole@example.org','1'),
('12','Lonny','Turcotte','stracke.mateo@example.com','498390'),
('13','Maria','Bogisich','bettie32@example.org','1'),
('14','Tracy','Torp','lschaefer@example.com','96'),
('15','Theodora','Hegmann','crystal70@example.org','1'),
('16','Brendan','Conroy','wwilliamson@example.org','848'),
('17','Janet','Bauch','sage79@example.com','0'),
('18','Layne','Rau','marcelina00@example.org','860728'),
('19','Ubaldo','Klocko','shayne.turner@example.net','1'),
('20','Madelynn','Wyman','xrowe@example.com','3667103772'),
('21','Cale','Kozey','kheaney@example.com','612'),
('22','Linnie','Gorczany','jorge.torp@example.net','0'),
('23','Magdalena','Gutmann','benedict.beahan@example.org','96'),
('24','Bobby','Funk','schneider.eliane@example.org','78'),
('25','Roberta','Cassin','bianka.klocko@example.org','644'),
('26','Kyla','Abernathy','stoltenberg.kaleb@example.net','1'),
('27','Adriel','O\'Conner','dubuque.enos@example.com','433097'),
('28','Lera','Dickens','kasandra.kuhn@example.net','25'),
('29','Alejandra','Parisian','christiansen.quincy@example.org','926'),
('30','Ariel','Lang','alfredo.bailey@example.org','5683385791'),
('31','Grace','Ondricka','ikunze@example.com','1'),
('32','Kelsi','Dickens','alysson76@example.com','857'),
('33','Reta','Hirthe','klebsack@example.com','0'),
('34','Jo','Daniel','hellen.hackett@example.com','0'),
('35','Anita','Heller','dmurray@example.org','0'),
('36','Tito','Jacobson','juanita.bergstrom@example.net','28'),
('37','Lorenza','Cassin','fleta.beahan@example.com','2084466158'),
('38','Clair','Nikolaus','langworth.theresia@example.org','369'),
('39','Julianne','Bruen','o\'kon.mitchell@example.org','1'),
('40','Cornell','Hickle','gislason.haskell@example.org','1'),
('41','Zechariah','Runolfsdottir','kareem.pagac@example.org','1'),
('42','Lucienne','Kirlin','alexandre.reinger@example.net','644956'),
('43','Amy','Skiles','sammie17@example.net','0'),
('44','Brown','Wiegand','roxanne76@example.org','828'),
('45','Meredith','Stanton','adah29@example.com','40'),
('46','Elisa','Ryan','ansel09@example.net','178966'),
('47','Darrion','Hammes','von.emelie@example.org','539'),
('48','Keanu','Pagac','zkovacek@example.org','99'),
('49','Helene','Buckridge','josiane.romaguera@example.net','796'),
('50','Cecilia','Boehm','june06@example.com','0'); 


DROP TABLE IF EXISTS `users_communities`;
CREATE TABLE `users_communities` (
  `user_id` bigint(20) unsigned NOT NULL,
  `community_id` bigint(20) unsigned NOT NULL,
  PRIMARY KEY (`user_id`,`community_id`),
  KEY `community_id` (`community_id`),
  CONSTRAINT `users_communities_ibfk_1` FOREIGN KEY (`user_id`) REFERENCES `users` (`id`),
  CONSTRAINT `users_communities_ibfk_2` FOREIGN KEY (`community_id`) REFERENCES `communities` (`id`)
) ENGINE=InnoDB DEFAULT CHARSET=utf8 COLLATE=utf8_unicode_ci;

INSERT INTO `users_communities` VALUES ('1','1'),
('2','2'),
('3','3'),
('4','4'),
('5','5'),
('6','6'),
('7','7'),
('8','8'),
('9','9'),
('10','10'),
('11','11'),
('12','12'),
('13','13'),
('14','14'),
('15','15'),
('16','16'),
('17','17'),
('18','18'),
('19','19'),
('20','20'),
('21','21'),
('22','22'),
('23','23'),
('24','24'),
('25','25'),
('26','26'),
('27','27'),
('28','28'),
('29','29'),
('30','30'),
('31','31'),
('32','32'),
('33','33'),
('34','34'),
('35','35'),
('36','36'),
('37','37'),
('38','38'),
('39','39'),
('40','40'),
('41','41'),
('42','42'),
('43','43'),
('44','44'),
('45','45'),
('46','46'),
('47','47'),
('48','48'),
('49','49'),
('50','50'); 




/*!40101 SET SQL_MODE=@OLD_SQL_MODE */;
/*!40014 SET FOREIGN_KEY_CHECKS=@OLD_FOREIGN_KEY_CHECKS */;
/*!40014 SET UNIQUE_CHECKS=@OLD_UNIQUE_CHECKS */;
/*!40101 SET CHARACTER_SET_CLIENT=@OLD_CHARACTER_SET_CLIENT */;
/*!40101 SET CHARACTER_SET_RESULTS=@OLD_CHARACTER_SET_RESULTS */;
/*!40101 SET COLLATION_CONNECTION=@OLD_COLLATION_CONNECTION */;
/*!40111 SET SQL_NOTES=@OLD_SQL_NOTES */;

